split,n,json_validity_rate,resource_type_match_rate,exact_string_match_rate,observation_value_exact_match_rate,observation_unit_exact_match_rate
final_val,200,0.81,0.81,0.175,1.0,0.9453125
test,101,0.7227722772277227,0.7227722772277227,0.16831683168316833,1.0,0.8928571428571429
robustness,99,0.8383838383838383,0.8383838383838383,0.23232323232323232,1.0,0.9152542372881356
