model,quality_score,avg_latency_sec,avg_peak_memory_gb
Qwen 0.8B Pre,0.24128266993366004,1.6471928309835493,1.4574300575256347
Qwen 0.8B Post,0.7678608620704939,4.190512532610446,1.482089204788208
