resource_type,n,json_validity_rate,resource_type_match_rate,exact_string_match_rate,observation_value_exact_match_rate,observation_unit_exact_match_rate
Condition,45,0.9777777777777777,0.9333333333333333,0.13333333333333333,,
Observation,277,0.8772563176895307,0.8772563176895307,0.16967509025270758,1.0,0.9259259259259259
Patient,78,0.47435897435897434,0.47435897435897434,0.3717948717948718,,
