source_dataset,n,json_validity_rate,resource_type_match_rate,exact_string_match_rate,observation_value_exact_match_rate,observation_unit_exact_match_rate
gpt_expanded,39,0.3076923076923077,0.10256410256410256,0.0,0.0,0.0
mimic_eicu,3,0.0,0.0,0.0,,
nhanes,86,0.3372093023255814,0.13953488372093023,0.023255813953488372,0.42105263157894735,0.15789473684210525
official,24,0.2916666666666667,0.041666666666666664,0.0,0.16666666666666666,0.16666666666666666
synthea,248,0.35080645161290325,0.18951612903225806,0.0,0.5,0.5
