split,n,json_validity_rate,resource_type_match_rate,exact_string_match_rate,observation_value_exact_match_rate,observation_unit_exact_match_rate
final_val,200,0.31,0.16,0.005,0.5,0.43478260869565216
test,101,0.3564356435643564,0.15841584158415842,0.0,0.39285714285714285,0.35714285714285715
robustness,99,0.37373737373737376,0.16161616161616163,0.010101010101010102,0.4166666666666667,0.375
