step,eval_loss,eval_token_accuracy
25,0.5027296543121338,0.862031142115593
125,0.29433146119117737,0.9101575195789338
225,0.20381230115890503,0.937351512312889
325,0.10123653709888458,0.9688812306523323
425,0.06633858382701874,0.9802428251504898
525,0.0609399750828743,0.982060367166996
