source_dataset,n,json_validity_rate,resource_type_match_rate,exact_string_match_rate,observation_value_exact_match_rate,observation_unit_exact_match_rate
gpt_expanded,39,0.8461538461538461,0.8461538461538461,0.3076923076923077,1.0,1.0
mimic_eicu,3,1.0,1.0,0.3333333333333333,1.0,1.0
nhanes,86,0.9186046511627907,0.9186046511627907,0.5581395348837209,1.0,0.7457627118644068
official,24,1.0,1.0,0.5833333333333334,1.0,0.8333333333333334
synthea,248,0.7217741935483871,0.7217741935483871,0.0,1.0,1.0
