split,n,json_validity_rate,resource_type_match_rate,exact_string_match_rate,observation_value_exact_match_rate,observation_unit_exact_match_rate
final_val,200,0.835,0.835,0.185,1.0,0.9453125
test,101,0.7326732673267327,0.7326732673267327,0.22772277227722773,1.0,0.8928571428571429
robustness,99,0.8383838383838383,0.8181818181818182,0.2222222222222222,1.0,0.9152542372881356
